﻿ID,Name,Slug,"Is visible","Is featured",Logo,"Featured image","Starting fee",Ranking,"Students count","Programs count",Description,"Location id","Created at","Updated at"
1,"Asia Pacific University (APU) tt",asia-pacific-university-apu,1,1,universities_logos/01J2VNXV103X8P882PFGWPRFT3.png,featured_images/01J30GSKWJ8G9P5K7KK7EAN82N.png,7100,87,10000,30,"Asia Pacific University of Technology &amp; Innovation (APU) is amongst Malaysia’s Highest Rated Private Universities. APU has students from over 130 countries. APU is Ranked No. 1 for International Students in Malaysia and No.16 in the World in the QS World Rankings 2025.",1,"2024-07-15 14:27:23","2024-07-18 16:16:00"
2,"City University Malaysia",city-university-malaysia,1,1,universities_logos/01J30GVKHAPYDZ1KSBDFZN4537.png,featured_images/01J30GVKHCMQE6PERAM9F2XNZB.png,2975,51,10000,20,"● Industry-endorsed with professional accreditation.

● 60+ MQA-accredited programs.

● ‘Competitive’ SETARA rating.",1,"2024-07-15 14:27:23","2024-07-18 16:14:12"
3,"Infrastructure University Of Kuala Lumpur (IUKL)",infrastructure-university-of-kuala-lumpur-iukl,1,1,universities_logos/01J30GXMR2K2VMQVV5C4DMADCK.png,featured_images/01J30GXMR5A8BP75F797VT6YBH.png,4586,37,3300,15,"● Partnered with top universities globally.

● Internationally recognized by ACCA, Washington Accord, and CIMA.

● ‘Competitive’ SETARA rating.",1,"2024-07-15 14:27:23","2024-07-18 16:14:13"
4,"Lincoln University College",lincoln-university-college,1,1,universities_logos/01J30GYMYYC1PXXCE3P6FFDY6X.png,featured_images/01J30GYMZ1F7BFA3F2VC3RVYZN.jpg,3300,199,15000,40,"Ranked 199 QS Asia, 150+ programs",1,"2024-07-15 14:27:23","2024-07-18 16:14:14"
5,"MAHSA University",mahsa-university,1,1,universities_logos/01J30GZEW29458BEDX9HTM8GKV.png,featured_images/01J30GZEW4ZJRMPY9N6SSPZNDR.png,3499,20,10000,25,"Ranked 20, +10k students",1,"2024-07-15 14:27:23","2024-07-18 16:14:15"
6,"Management & Science University (MSU)",management-science-university-msu,1,1,universities_logos/01J30H0EY7TEKG5543WSP3EBRA.png,featured_images/01J30H0EY987SZ6NKJY2T7ZWE6.png,4135,121,10000,35,"Ranked 121, +10k students",1,"2024-07-15 14:27:23","2024-07-18 16:14:16"
7,"Multimedia University (MMU)",multimedia-university-mmu,1,1,universities_logos/01J30H1RKYNEV192X5390979HV.png,featured_images/01J30H1RM16WW3TM4154AMS4QG.png,3000,36,10000,30,"Ranked 36, +10k students",1,"2024-07-15 14:27:23","2024-07-18 16:14:10"
8,"SEGI University",segi-university,1,1,universities_logos/01J30H2YBQGA2ZHSBT4A80W55C.png,featured_images/01J30H2YBSAG76N8TJBFCDHRKQ.png,3000,46,10000,20,"Ranked 46, +10k students",1,"2024-07-15 14:27:23","2024-07-18 16:14:09"
9,"TAYLOR’S University",taylors-university,1,1,universities_logos/01J30H4FHFVTW2MXVZWZ8MGPMN.png,featured_images/01J30H4FHHK5KQV856F886FP6Y.png,4000,79,6000,25,"Ranked 79, 6k students",1,"2024-07-15 14:27:23","2024-07-17 14:24:22"
10,"UCSI University",ucsi-university,1,1,universities_logos/01J30H54NA6VRE7TFPF3JWJEGM.png,,3918,115,10000,30,"Ranked 115, +10k students",1,"2024-07-15 14:27:23","2024-07-17 14:24:23"
11,"UNITAR International University",unitar-international-university,1,0,universities_logos/01J30H6TZY0GVJVDAYANVPTVQ1.png,featured_images/01J30H6V012DMP5NSR5V3XG4S1.png,2900,5,10000,20,"5-STAR QS Rating, +10k students",1,"2024-07-15 14:27:23","2024-07-17 14:23:13"
12,"Universiti Tenaga Nasional (UNITEN)",universiti-tenaga-nasional-uniten,1,0,universities_logos/01J30H8EX2M47ZTX8M162JYSN6.png,,4625,40,10000,25,"Ranked 40, +10k students",1,"2024-07-15 14:27:23","2024-07-17 14:24:07"
